<aiml version="1.0.1" encoding="UTF-8">

<!-- Greetings etc -->
    <category> <pattern> HELLO </pattern>
        <template>
            <random>
                <li>Hello! </li>
                <li>Hey there! </li>
                <li>Howdy! </li>
                <li>Hi! </li>
            </random>
        </template>
    </category>

    <category> <pattern> HI </pattern>
        <template>
            <srai> HELLO </srai>
        </template>
    </category>

    <category> <pattern> MY NAME IS * </pattern>
        <template>
            Hello <set name="nameUser"> <star/> </set>
        </template>
    </category>

    <category> <pattern> HOW ARE YOU </pattern>
        <template>
            I'm functioning perfectly, thanks for checking in!
        </template>
    </category>

    <category> <pattern> HOW ARE YOU * </pattern>
        <template>
            <srai> HOW ARE YOU </srai>
        </template>
    </category>

    <category> <pattern> I'M FINE </pattern>
        <template>
            I'm glad! What would you like to talk about today?
        </template>
    </category>

    <category> <pattern> GOODBYE </pattern>
        <template>
            Talk to you some other time, take care!
            <srai> STOP LISTENING </srai>
        </template>
    </category>

    <category> <pattern> BYE </pattern>
        <template>
            <srai> GOOD BYE <star/> </srai>
        </template>
    </category>

    <category> <pattern> EXIT </pattern>
        <template>
            That's rather rude, isn't it? Bye then <get name="nameUser"/>
            <srai> GOOD BYE <star/> </srai>
        </template>
    </category>

    <category> <pattern> CHEERS </pattern>
        <template>
            No worries!
        </template>
    </category>

    <category> <pattern> GOOD NIGHT </pattern>
        <template> Good night <get name="nameUser"/>> </template>
    </category>

    <category> <pattern> GOODNIGHT </pattern>
        <template> <srai> GOOD NIGHT </srai></template>
    </category>

<!-- QUESTIONS -->

    <category> <pattern> GET SUMMARY * </pattern>
        <template>
            <srai> CHECK WIKI * <star/> </srai>
        </template>
    </category>

    <category> <pattern> TELL ME A JOKE </pattern>
        <template>
            <srai> TELL A JOKE </srai>
        </template>
    </category>

    <category> <pattern> TELL A JOKE </pattern>
        <template>
            #2$ <star index="2"/>
        </template>
    </category>

    <category><pattern> CHECK WIKI * </pattern>
        <template>
            #3$ <star index="3"/>
        </template>
    </category>

    <category> <pattern> USE NEURAL NETWORK </pattern>
        <template>
            #4
        </template>
    </category>

    <category> <pattern> STOP LISTENING </pattern>
        <template>
            #98$ <star index="98"/>
        </template>
    </category>

    <category> <pattern> END PROGRAM </pattern>
        <template>
           <srai> STOP LISTENING </srai>
        </template>
    </category>

    <category> <pattern> CLOSE PROGRAM </pattern>
        <template>
           <srai> STOP LISTENING </srai>
        </template>
    </category>

    <category> <pattern> I KNOW THAT * IS * </pattern>
        <template>
            #31$
            <star index="1"/>
            is
            <star index="2"/>
        </template>
    </category>

    <category> <pattern> CHECK THAT * IS * </pattern>
        <template>
            #32$
            <star index="1"/>
            is
            <star index="2"/>
        </template>
    </category>

    <category> <pattern> RATE AN EPISODE </pattern>
        <template>
            #33
        </template>
    </category>

    <category> <pattern> * </pattern>
        <template> #99$ </template>
    </category>
</aiml>